"","pays_expat","nb_assure","autres_protheses.csv","auxiliaires_medicaux.csv","bilan_de_sante.csv","chambre_particuliere.csv","consultation.csv","cures_thermales.csv","divers.csv","fiv.csv","hospitalisation_sauf_chambre_particuliere.csv","implants_dentaires.csv","keratotomie.csv","lentilles.csv","maternite_sauf_fiv.csv","medecine_alternative.csv","montures.csv","orthodontie.csv","paradontologie.csv","petit_risque.csv","pharmacie.csv","prothese_dentaire.csv","psychiatrie.csv","soins_dentaires.csv","vaccination.csv","verres.csv","X","autres_protheses","auxiliaires_medicaux","bilan_de_sante","chambre_particuliere","consultation","cures_thermales","divers","fiv","hospitalisation_sauf_chambre_particuliere","implants_dentaires","keratotomie","lentilles","maternite_sauf_fiv","medecine_alternative","montures","orthodontie","paradontologie","petit_risque","pharmacie","prothese_dentaire","psychiatrie","soins_dentaires","vaccination","verres","sum"
"1","AFGHANISTAN",306,4,65,9,8,217,0,1,0,50,0,0,28,0,1,42,0,0,126,207,35,3,73,29,21,1,0,0,0,0,0,1,0,1,0,1,1,0,1,0,0,1,1,0,0,0,0,0,0,0,7
"2","ALBANIA",146,2,11,2,8,113,0,0,0,55,0,0,0,0,0,10,0,0,501,86,0,0,28,2,15,2,0,0,0,0,0,1,1,1,0,1,1,1,1,1,0,1,1,0,0,1,1,0,0,0,12
"3","ALGERIA",13872,541,5899,541,514,18646,5,77,34,5578,123,37,793,1933,910,1688,376,9,14660,25406,1314,1111,6014,1322,952,3,0,0,0,0,0,0,0,0,0,0,0,0,0,0,0,0,0,0,0,0,0,0,0,0,0
"4","AMERICAN SAMOA",18,1,6,9,4,101,0,0,0,12,0,0,0,23,0,3,0,0,56,82,2,0,33,14,0,4,0,0,0,0,0,1,1,1,0,1,1,1,0,1,0,1,1,0,0,0,1,0,0,1,11
"5","ANDORRA",121,15,22,2,5,245,0,0,0,174,0,0,14,0,10,7,0,0,566,868,0,11,53,7,14,5,0,0,0,0,0,1,1,1,0,1,1,0,1,0,0,1,1,0,0,1,0,0,0,0,9
"6","ANGOLA",19607,912,6009,1585,947,20191,5,174,0,7953,54,44,1084,3304,955,1833,390,2,14678,22901,1381,674,7603,2257,765,6,0,0,0,0,0,0,0,1,0,0,0,0,0,0,0,0,0,0,0,0,0,0,0,0,1
"7","ANTIGUA AND BARBUDA",19,7,0,0,0,9,0,0,0,0,0,0,0,0,0,1,0,0,20,58,0,0,0,0,4,7,0,1,1,1,0,1,1,1,1,1,1,1,1,1,0,1,1,0,0,1,1,1,1,0,18
"8","ARGENTINA",5643,288,3638,170,34,8613,0,9,5,1200,54,21,355,1010,172,488,282,1,4985,9689,456,863,2471,658,177,8,0,0,0,0,0,1,0,0,0,0,0,0,0,0,0,0,0,0,0,0,0,0,0,0,1
"9","ARMENIA",45,1,0,0,0,28,0,0,0,1,0,0,0,0,11,5,4,0,27,21,6,0,30,0,8,9,0,1,1,1,0,1,1,1,0,1,1,1,1,0,0,0,1,0,0,0,1,0,1,0,13
"10","ARUBA",6,0,0,0,0,0,0,0,0,0,0,0,0,0,0,1,0,0,0,1,0,0,0,0,0,10,1,1,1,1,1,1,1,1,1,1,1,1,1,1,0,1,1,1,0,1,1,1,1,1,22
"11","AUSTRALIA",58691,565,6680,724,440,28576,1,154,57,7233,30,33,1358,3391,2608,1852,577,3,12053,21417,940,773,10780,1693,251,11,0,0,0,0,0,0,0,0,0,0,0,0,0,0,0,0,0,0,0,0,0,0,0,0,0
"12","AUSTRIA",2307,119,1361,63,104,3898,4,4,9,944,29,2,280,228,204,316,141,13,2659,3654,231,391,1702,563,138,12,0,0,0,0,0,0,0,0,0,0,0,0,0,0,0,0,0,0,0,0,0,0,0,0,0
"13","AZERBAIJAN",2872,55,414,407,34,3059,0,8,0,404,24,8,132,929,82,336,18,0,1954,3560,252,59,1482,623,9,13,0,0,0,0,0,1,0,1,0,0,0,0,0,0,0,0,1,0,0,0,0,0,0,0,3
"14","BAHRAIN",1502,41,793,65,63,2354,22,5,52,496,3,3,172,274,73,181,58,0,1618,2514,174,111,685,219,88,14,0,0,0,0,0,0,0,0,0,0,0,0,0,0,0,0,1,0,0,0,0,0,0,0,1
"15","BANGLADESH",360,1,31,16,4,246,0,1,0,29,0,0,41,10,2,41,2,0,155,225,12,0,105,29,4,15,0,0,0,0,0,1,0,1,0,1,1,0,0,0,0,0,1,0,0,0,1,0,0,0,6
"16","BARBADOS",90,6,33,1,0,183,0,0,0,14,0,0,15,2,7,11,7,0,86,206,7,4,147,3,13,16,0,0,0,1,0,1,1,1,0,1,1,0,0,0,0,0,1,0,0,0,0,0,0,0,7
"17","BELARUS",41,0,9,1,0,19,0,0,0,1,0,0,0,15,0,0,0,0,32,66,3,0,18,5,0,17,1,0,0,1,0,1,1,1,0,1,1,1,0,1,1,1,1,0,0,0,1,0,0,1,14
"18","BELGIUM",7134,504,8412,38,193,17921,5,56,74,2776,57,14,385,329,986,975,841,21,7709,15787,495,1852,5042,616,785,18,0,0,0,0,0,0,0,0,0,0,0,0,0,0,0,0,0,0,0,0,0,0,0,0,0
"19","BELIZE",45,0,1,0,0,43,0,0,0,1,0,0,5,0,0,2,1,0,23,46,2,1,19,3,4,19,1,0,1,1,0,1,1,1,0,1,1,0,1,1,0,0,1,0,0,0,0,0,0,0,11
"20","BENIN",876,44,666,17,12,1387,0,2,0,225,0,0,21,1,11,69,16,0,1259,1357,70,36,368,59,117,20,0,0,0,0,0,1,0,1,0,1,1,0,0,0,0,0,1,0,0,0,0,0,0,0,5
"21","BERMUDA",103,7,92,9,0,208,0,0,0,17,0,0,0,0,12,7,0,0,146,358,2,14,24,3,0,21,0,0,0,1,0,1,1,1,0,1,1,1,1,0,0,1,1,0,0,0,0,0,0,1,11
"22","BHUTAN",6,0,0,0,0,2,0,0,0,0,0,0,0,0,0,0,0,0,6,2,0,0,0,0,0,22,1,1,1,1,0,1,1,1,1,1,1,1,1,1,1,1,1,0,0,1,1,1,1,1,21
"23","BOLIVIA",882,27,591,27,1,1248,0,2,0,203,1,0,90,158,1,53,48,0,776,1521,99,26,544,73,0,23,0,0,0,0,0,1,0,1,0,0,1,0,0,0,0,0,1,0,0,0,0,0,0,1,5
"24","Bosnia and Herzegovina",64,1,87,0,0,102,0,0,0,12,0,0,0,39,3,6,0,0,88,140,10,27,44,11,0,24,0,0,1,1,0,1,1,1,0,1,1,1,0,0,0,1,1,0,0,0,0,0,0,1,11
"25","BOTSWANA",32,0,10,0,0,52,0,0,0,0,0,0,4,0,0,4,0,0,25,21,1,0,12,1,10,25,1,0,1,1,0,1,1,1,1,1,1,0,1,1,0,1,1,0,0,0,1,0,0,0,14
"26","BR. VIRGIN ISLAND",348,3,42,35,15,203,0,0,0,36,2,4,18,29,22,25,0,0,115,173,81,20,192,63,0,26,0,0,0,0,0,1,1,1,0,0,0,0,0,0,0,1,1,0,0,0,0,0,0,1,6
"27","BRAZIL",22912,1365,18021,1122,170,41510,2,300,108,14557,197,82,1579,5214,1160,2541,3416,23,27488,45282,2167,4998,17441,4834,1180,27,0,0,0,0,0,0,0,0,0,0,0,0,0,0,0,0,0,0,0,0,0,0,0,0,0
"28","BRUNEI",1610,44,371,102,79,3250,0,51,0,569,0,2,146,511,92,295,47,0,904,3058,76,16,761,364,8,28,0,0,0,0,0,1,0,1,0,1,0,0,0,0,0,0,1,0,0,0,0,0,0,0,4
"29","BULGARIA",579,69,520,6,18,1010,0,2,27,166,1,0,29,8,29,66,32,0,648,1033,66,7,403,43,25,29,0,0,0,0,0,1,0,0,0,0,1,0,0,0,0,0,1,0,0,0,0,0,0,0,3
"30","BURKINA FASO",786,80,753,15,2,1164,0,0,0,147,2,0,18,2,18,63,9,1,894,1127,52,50,304,37,85,30,0,0,0,0,0,1,1,1,0,0,1,0,0,0,0,0,0,0,0,0,0,0,0,0,4
"31","BURUNDI",216,18,196,0,12,417,0,0,0,41,0,0,23,0,1,27,2,0,291,453,27,2,88,7,52,31,0,0,1,0,0,1,1,1,0,1,1,0,1,0,0,0,1,0,0,0,0,0,0,0,8
"32","CAMBODIA",921,48,965,4,55,1812,0,3,0,420,3,0,28,26,1,62,20,0,1267,1648,82,22,451,84,84,32,0,0,0,0,0,1,0,1,0,0,1,0,0,0,0,0,1,0,0,0,0,0,0,0,4
"33","CAMEROON",6250,250,3037,385,404,8818,0,23,20,2334,18,1,206,588,133,552,121,0,6407,11007,262,221,2197,675,499,33,0,0,0,0,0,1,0,0,0,0,0,0,0,0,0,0,1,0,0,0,0,0,0,0,2
"34","CANADA",11332,393,3316,273,67,8164,1,392,109,1086,26,21,629,501,2210,1247,777,7,4951,13948,535,1362,10268,797,596,34,0,0,0,0,0,0,0,0,0,0,0,0,0,0,0,0,0,0,0,0,0,0,0,0,0
"35","CAPE VERDE",25,0,0,0,0,4,0,0,0,0,0,0,2,0,0,2,0,0,8,5,6,0,12,0,0,35,1,1,1,1,0,1,1,1,1,1,1,0,1,1,0,1,1,0,0,0,1,0,1,1,17
"36","CAYMAN ISLANDS",40,3,98,3,27,98,0,0,0,36,0,0,0,0,0,9,0,0,128,199,28,0,68,0,13,36,0,0,0,0,0,1,1,1,0,1,1,1,1,1,0,1,1,0,0,0,1,0,1,0,12
"37","Central African Republic",662,236,166,17,25,922,0,5,0,273,3,0,10,12,4,65,9,0,763,835,23,31,224,58,81,37,0,0,0,0,0,1,0,1,0,0,1,0,0,0,0,0,1,0,0,0,0,0,0,0,4
"38","CHAD",2475,45,626,294,98,2293,1,13,0,1406,10,22,145,350,58,276,42,0,2330,2924,133,94,928,326,106,38,0,0,0,0,0,0,0,1,0,0,0,0,0,0,0,0,1,0,0,0,0,0,0,0,2
"39","CHILE",2933,243,2046,33,61,7155,0,8,2,3840,11,10,166,524,169,263,321,0,4459,7549,217,786,2134,343,188,39,0,0,0,0,0,1,0,0,0,0,0,0,0,0,0,0,1,0,0,0,0,0,0,0,2
"40","CHINA",41895,2295,25386,1680,1133,91660,5,610,346,17281,245,106,3505,4864,3228,5974,3369,13,55632,81720,3381,2954,29738,8407,2661,40,0,0,0,0,0,0,0,0,0,0,0,0,0,0,0,0,0,0,0,0,0,0,0,0,0
"41","COLOMBIA",8137,280,4831,542,8,13463,0,21,14,3943,48,73,623,2899,312,916,686,5,7768,17149,868,1311,5394,1777,142,41,0,0,0,0,0,1,0,0,0,0,0,0,0,0,0,0,0,0,0,0,0,0,0,0,1
"42","COMOROS",47,8,37,0,0,284,2,0,0,21,0,0,0,0,0,12,0,0,174,202,0,0,23,2,29,42,0,0,1,1,0,0,1,1,0,1,1,1,1,1,0,1,1,0,0,1,1,0,0,0,13
"43","CONGO",9306,408,4393,776,407,12596,5,26,3,2871,30,13,390,952,239,1005,153,2,8842,13751,646,626,3653,1046,596,43,0,0,0,0,0,0,0,0,0,0,0,0,0,0,0,0,0,0,0,0,0,0,0,0,0
"44","COSTA RICA",225,14,155,5,0,325,0,0,0,50,3,0,6,11,1,15,3,0,213,314,34,130,201,18,12,44,0,0,0,1,0,1,1,1,0,0,1,0,0,0,0,0,1,0,0,0,0,0,0,0,6
"45","CROATIA",472,7,119,27,10,416,0,0,0,50,3,2,74,14,0,58,9,0,389,369,60,70,260,48,27,45,0,0,0,0,0,1,1,1,0,0,0,0,0,1,0,0,1,0,0,0,0,0,0,0,5
"46","CUBA",268,0,27,2,14,297,3,0,0,120,0,0,7,38,1,10,13,0,155,256,7,21,72,5,11,46,1,0,0,0,0,0,1,1,0,1,1,0,0,0,0,0,1,0,0,0,0,0,0,0,6
"47","CYPRUS",338,13,107,8,6,484,0,2,0,120,1,0,20,14,34,20,2,1,970,305,20,3,151,29,7,47,0,0,0,0,0,1,0,1,0,0,1,0,0,0,0,0,0,0,0,0,0,0,0,0,3
"48","CZECH REPUBLIC",2737,109,1468,31,136,5305,2,3,5,512,10,8,169,316,134,347,242,3,2661,4422,153,377,1941,426,309,48,0,0,0,0,0,0,0,0,0,0,0,0,0,0,0,0,0,0,0,0,0,0,0,0,0
"49","DEMOCRATIC REPUBLIC OF THE CONGO",1201,27,390,17,64,1388,1,8,0,402,0,0,48,25,9,120,9,0,1014,1511,98,18,410,84,142,49,0,0,0,0,0,0,0,1,0,1,1,0,0,0,0,0,1,0,0,0,0,0,0,0,4
"50","DENMARK",1465,21,406,50,12,974,0,3,0,547,1,0,119,63,179,159,9,2,592,1330,45,59,460,110,38,50,0,0,0,0,0,1,0,1,0,0,1,0,0,0,0,0,0,0,0,0,0,0,0,0,3
"51","DJIBOUTI",398,33,389,0,7,946,0,1,0,82,23,0,24,0,24,67,4,0,574,944,82,9,200,25,103,51,0,0,1,0,0,1,0,1,0,0,1,0,1,0,0,0,1,0,0,0,0,0,0,0,6
"52","DOMINICA",2,0,0,0,0,0,0,0,0,0,0,0,0,0,0,0,0,0,0,0,0,0,0,0,0,52,1,1,1,1,1,1,1,1,1,1,1,1,1,1,1,1,1,1,1,1,1,1,1,1,24
"53","DOMINICAN REPUBLIC",219,12,97,1,20,310,0,0,0,88,0,2,3,5,3,25,2,0,198,378,30,1,111,10,10,53,0,0,0,0,0,1,1,1,0,1,0,0,0,0,0,0,1,0,0,0,0,0,0,0,5
"54","ECUADOR",3251,128,1277,233,37,6565,0,12,0,1759,4,25,260,841,159,477,421,0,3636,6787,357,436,2329,856,41,54,0,0,0,0,0,1,0,1,0,0,0,0,0,0,0,0,1,0,0,0,0,0,0,0,3
"55","EGYPT",10438,242,2199,544,406,15044,0,157,90,3247,44,43,717,2447,306,1254,338,0,8013,16136,738,622,4126,1900,374,55,0,0,0,0,0,1,0,0,0,0,0,0,0,0,0,0,1,0,0,0,0,0,0,0,2
"56","EL SALVADOR",22,0,20,0,0,44,0,0,0,7,0,0,0,0,0,2,0,0,31,65,1,3,5,3,0,56,1,0,1,1,0,1,1,1,0,1,1,1,1,1,0,1,1,0,0,0,0,0,0,1,14
"57","EQUATORIAL GUINEA",1692,20,164,232,52,1367,0,5,0,1200721,10,14,71,311,70,128,5,0,930,1861,145,49,525,215,51,57,0,0,0,0,0,1,0,1,0,0,0,0,0,0,0,0,1,0,0,0,0,0,0,0,3
"58","ERITREA",4,0,0,0,0,2,0,0,0,0,0,0,0,0,0,1,0,0,1,0,0,0,0,0,2,58,1,1,1,1,0,1,1,1,1,1,1,1,1,1,0,1,1,0,1,1,1,1,1,0,20
"59","ESTONIA",79,2,0,3,3,22,0,0,0,2,0,0,2,0,0,2,12,0,10,33,3,0,31,4,0,59,0,1,0,0,0,1,1,1,0,1,1,0,1,1,0,0,1,0,0,0,1,0,0,1,11
"60","ETHIOPIA",232,5,20,4,0,163,0,0,0,36,1,0,3,5,0,24,0,0,212,178,16,0,65,7,14,60,0,0,0,1,0,1,1,1,0,0,1,0,0,1,0,1,1,0,0,0,1,0,0,0,9
"61","FAEROE ISLANDS",112,1,3,16,0,15,0,0,0,2,0,0,5,0,0,22,0,0,3,15,6,0,102,5,0,61,0,0,0,1,0,1,1,1,0,1,1,0,1,1,0,1,1,0,0,0,1,0,0,1,12
"62","FIJI",6,0,0,0,0,0,0,0,0,0,0,0,0,0,0,0,0,0,0,0,0,0,0,0,0,62,1,1,1,1,1,1,1,1,1,1,1,1,1,1,1,1,1,1,1,1,1,1,1,1,24
"63","FINLAND",723,26,318,12,35,1201,2,16,18,194,3,0,55,15,21,85,20,2,646,1155,26,13,346,59,61,63,0,0,0,0,0,0,0,0,0,0,1,0,0,0,0,0,0,0,0,0,0,0,0,0,1
"64","FR. SOUTHERN TERRIT.",4,0,0,0,0,0,0,0,0,0,0,0,0,0,0,0,0,0,0,0,0,0,0,0,0,64,1,1,1,1,1,1,1,1,1,1,1,1,1,1,1,1,1,1,1,1,1,1,1,1,24
"65","FRENCH GUIANA",64,18,35,0,5,170,0,0,0,9,0,2,2,3,9,7,0,0,73,197,2,2,46,8,9,65,0,0,1,0,0,1,1,1,0,1,0,0,0,0,0,1,1,0,0,0,0,0,0,0,7
"66","FRENCH POLYNESIA",281,7,167,0,31,522,0,0,0,97,0,0,6,0,30,28,12,3,314,874,18,49,162,11,26,66,0,0,1,0,0,1,1,1,0,1,1,0,1,0,0,0,0,0,0,0,0,0,0,0,7
"67","GABON",14864,1079,6961,490,805,22209,10,44,15,5410,65,14,530,997,713,1711,335,3,24264,135067,1175,730,5621,1217,1649,67,0,0,0,0,0,0,0,0,0,0,0,0,0,0,0,0,0,0,0,0,0,0,0,0,0
"68","GEORGIA",169,13,59,0,0,108,0,0,0,94,0,0,8,0,1,9,0,0,81,143,0,0,49,5,15,68,0,0,1,1,0,1,1,1,0,1,1,0,1,0,0,1,1,0,0,1,1,0,0,0,12
"69","GERMANY",10195,835,12012,264,356,22317,2,51,59,3826,140,21,707,963,1353,1267,694,36,18438,18429,1183,824,8411,1372,805,69,0,0,0,0,0,0,0,0,0,0,0,0,0,0,0,0,0,0,0,0,0,0,0,0,0
"70","GHANA",3180,60,618,236,83,3252,0,11,0,699,1,10,229,851,54,265,54,0,2094,4248,104,191,1071,467,70,70,0,0,0,0,0,1,0,1,0,0,0,0,0,0,0,0,1,0,0,0,0,0,0,0,3
"71","GIBRALTAR",14,4,10,0,0,48,0,0,0,12,0,0,0,0,0,5,0,0,197,128,5,0,2,0,13,71,0,0,1,1,0,1,1,1,0,1,1,1,1,1,0,1,1,0,0,0,1,0,1,0,14
"72","GREECE",2370,131,1267,33,118,5074,17,1,20,642,18,10,146,158,352,329,320,2,2925,4270,227,289,1401,250,412,72,0,0,0,0,0,0,0,0,0,0,0,0,0,0,0,0,0,0,0,0,0,0,0,0,0
"73","GREENLAND",3,0,0,0,0,0,0,0,0,0,0,0,0,0,0,0,0,0,0,0,0,0,0,0,0,73,1,1,1,1,1,1,1,1,1,1,1,1,1,1,1,1,1,1,1,1,1,1,1,1,24
"74","GUADELOUPE",97,8,148,0,0,317,0,0,0,18,0,0,6,49,11,13,8,0,310,407,11,1,86,16,13,74,0,0,1,1,0,1,1,1,0,1,1,0,0,0,0,0,1,0,0,0,0,0,0,0,8
"75","GUATEMALA",120,1,12,6,0,133,0,0,0,8,1,0,0,11,7,2,11,0,102,275,18,24,24,16,0,75,0,0,0,1,0,1,1,1,0,0,1,1,0,0,0,0,1,0,0,0,0,0,0,1,8
"76","GUERNSEY",34,1,11,0,0,17,0,0,0,0,1,0,0,0,17,6,0,0,4,15,3,8,40,1,0,76,0,0,1,1,0,1,1,1,1,0,1,1,1,0,0,1,1,0,0,0,0,0,0,1,12
"77","GUINEA",1212,284,1080,51,28,1230,0,0,0,461,0,0,53,16,14,123,10,0,1026,2009,106,69,442,85,161,77,0,0,0,0,0,1,1,1,0,1,1,0,0,0,0,0,1,0,0,0,0,0,0,0,6
"78","GUINEA-BISSAU",20,0,1,1,0,2,0,0,0,0,0,0,0,0,0,0,0,0,0,3,0,0,2,0,0,78,1,0,0,1,0,1,1,1,1,1,1,1,1,1,1,1,1,1,0,1,1,0,1,1,19
"79","GUYANA",40,4,26,0,0,50,0,0,0,17,0,0,0,0,0,3,0,0,63,65,0,0,7,0,6,79,0,0,1,1,0,1,1,1,0,1,1,1,1,1,0,1,1,0,0,1,1,0,1,0,15
"80","HAITI",491,20,1803,16,74,446,0,3,5,440,1,1,20,10,26,42,0,1,1765,527,16,29,124,22,44,80,0,0,0,0,0,1,0,0,0,0,0,0,0,0,0,1,0,0,0,0,0,0,0,0,2
"81","HONDURAS",110,1,39,0,4,129,0,0,0,40,8,0,4,11,7,3,32,0,88,182,38,27,93,10,7,81,0,0,1,0,0,1,1,1,0,0,1,0,0,0,0,0,1,0,0,0,0,0,0,0,6
"82","HONG KONG",8080,605,7960,191,208,25132,0,86,55,2949,66,22,940,735,1114,1026,570,0,12232,17162,636,1734,7509,1318,764,82,0,0,0,0,0,1,0,0,0,0,0,0,0,0,0,0,1,0,0,0,0,0,0,0,2
"83","HUNGARY",1734,90,983,34,42,3324,2,7,10,707,30,6,85,151,79,261,114,0,2377,2555,245,279,1025,388,239,83,0,0,0,0,0,0,0,0,0,0,0,0,0,0,0,0,1,0,0,0,0,0,0,0,1
"84","ICELAND",47,1,0,1,0,7,0,0,0,1,0,0,0,0,0,1,0,0,2,12,0,0,12,0,2,84,0,1,0,1,0,1,1,1,0,1,1,1,1,1,0,1,1,0,0,1,1,0,1,0,15
"85","INCONNU",25384,326,2736,535,268,11577,0,4485,4,2306,34,12,447,593,249,1009,188,3,6533,23530,721,690,3700,765,472,85,0,0,0,0,0,1,0,0,0,0,0,0,0,0,0,0,0,0,0,0,0,0,0,0,1
"86","INDIA",14656,679,4594,859,931,22802,0,100,106,4392,90,48,854,3603,568,1881,495,2,12578,21943,1191,356,6699,2557,628,86,0,0,0,0,0,1,0,0,0,0,0,0,0,0,0,0,0,0,0,0,0,0,0,0,1
"87","INDONESIA",16478,471,4531,1268,791,31938,4,247,49,5808,32,69,933,3763,881,2084,1004,1,16364,364246,1123,1014,9139,3554,257,87,0,0,0,0,0,0,0,0,0,0,0,0,0,0,0,0,0,0,0,0,0,0,0,0,0
"88","IRAN",2404,63,1215,137,97,3571,3,28,0,769,14,7,233,482,40,442,28,0,1957,3560,196,36,1072,251,53,88,0,0,0,0,0,0,0,1,0,0,0,0,0,0,0,0,1,0,0,0,0,0,0,0,2
"89","IRAQ",4083,39,839,178,53,3441,2,17,54,3418,6,21,404,1249,56,338,40,0,1942,4559,224,194,1089,393,4,89,0,0,0,0,0,0,0,0,0,0,0,0,0,0,0,0,1,0,0,0,0,0,0,0,1
"90","IRELAND",1388,209,311,33,3,1508,0,1,0,231,3,0,52,120,73,117,30,0,941,1324,49,89,533,59,119,90,0,0,0,0,0,1,0,1,0,0,1,0,0,0,0,0,1,0,0,0,0,0,0,0,4
"91","ISLE OF MAN",5,0,0,0,0,0,0,0,0,0,0,0,0,0,0,0,0,0,0,0,0,0,0,0,0,91,1,1,1,1,1,1,1,1,1,1,1,1,1,1,1,1,1,1,1,1,1,1,1,1,24
"92","ISRAEL",729,39,405,23,3,1484,0,4,45,358,4,2,49,126,41,104,31,3,639,1560,51,189,393,71,101,92,0,0,0,0,0,1,0,0,0,0,0,0,0,0,0,0,0,0,0,0,0,0,0,0,1
"93","ITALY",9832,604,6108,277,316,16552,19,113,5,2647,59,19,796,1136,824,1252,628,26,10905,16694,811,1299,5124,826,915,93,0,0,0,0,0,0,0,0,0,0,0,0,0,0,0,0,0,0,0,0,0,0,0,0,0
"94","IVORY COAST",3904,230,3152,113,217,8002,0,8,66,1767,30,8,236,112,237,492,109,9,5949,8174,499,335,1943,465,543,94,0,0,0,0,0,1,0,0,0,0,0,0,0,0,0,0,0,0,0,0,0,0,0,0,1
"95","JAMAICA",49,2,10,0,0,38,0,0,0,5,0,0,2,0,5,3,0,0,33,21,0,0,37,9,6,95,0,0,1,1,0,1,1,1,0,1,1,0,1,0,0,1,1,0,0,1,1,0,0,0,12
"96","JAPAN",10057,402,3324,357,140,23078,0,153,137,4079,31,33,856,1411,1207,1198,808,3,10528,30345,754,741,7731,1730,594,96,0,0,0,0,0,1,0,0,0,0,0,0,0,0,0,0,0,0,0,0,0,0,0,0,1
"97","JERSEY",46,5,1,0,0,38,0,0,0,5,1,0,16,0,0,12,1,0,35,90,1,0,35,1,11,97,0,0,1,1,0,1,1,1,0,0,1,0,1,1,0,0,1,0,0,0,1,0,0,0,10
"98","JORDAN",1499,33,326,35,33,2996,0,3,42,626,18,14,121,241,62,167,46,0,1695,39496,273,99,733,213,72,98,0,0,0,0,0,1,0,0,0,0,0,0,0,0,0,0,1,0,0,0,0,0,0,0,2
"99","KAZAKHSTAN",4000,215,913,279,56,5673,0,16,9,1097,2,16,150,674,142,469,119,0,3611,5849,277,288,2062,521,25,99,0,0,0,0,0,1,0,0,0,0,0,0,0,0,0,0,1,0,0,0,0,0,0,0,2
"100","KENYA",939,32,355,22,17,1619,0,6,4,206,2,2,86,21,43,127,15,0,1224,1569,42,36,420,102,42,100,0,0,0,0,0,1,0,0,0,0,0,0,0,0,0,0,1,0,0,0,0,0,0,0,2
"101","KOSOVO",16,0,0,0,0,9,0,0,0,0,0,0,0,0,0,0,0,0,6,17,0,0,0,0,0,101,1,1,1,1,0,1,1,1,1,1,1,1,1,1,1,1,1,0,0,1,1,1,1,1,21
"102","KUWAIT",6551,195,1285,470,227,11150,0,34,0,2343,5,29,726,2629,317,1139,228,0,5779,12580,383,200,3397,837,133,102,0,0,0,0,0,1,0,1,0,0,0,0,0,0,0,0,1,0,0,0,0,0,0,0,3
"103","KYRGYZSTAN",10,0,0,0,0,0,0,0,0,0,0,0,0,0,0,0,0,0,0,0,0,0,0,0,0,103,1,1,1,1,1,1,1,1,1,1,1,1,1,1,1,1,1,1,1,1,1,1,1,1,24
"104","LAOS",430,4,69,6,4,251,0,0,0,33,0,0,13,6,0,15,10,0,208,214,9,0,79,11,18,104,0,0,0,0,0,1,1,1,0,1,1,0,0,1,0,0,1,0,0,0,1,0,0,0,8
"105","LATVIA",366,14,171,1,7,689,0,1,0,69,4,5,44,27,10,29,14,0,473,700,35,5,215,109,21,105,0,0,0,0,0,1,0,1,0,0,0,0,0,0,0,0,1,0,0,0,0,0,0,0,3
"106","LEBANON",1799,218,1991,21,108,4903,8,8,21,797,17,5,158,84,65,199,76,2,4896,7094,270,203,1251,182,277,106,0,0,0,0,0,0,0,0,0,0,0,0,0,0,0,0,0,0,0,0,0,0,0,0,0
"107","LESOTHO",12,2,2,0,0,29,0,0,0,1,0,0,0,0,0,2,0,0,25,26,0,0,18,0,6,107,0,0,1,1,0,1,1,1,0,1,1,1,1,1,0,1,1,0,0,1,1,0,1,0,15
"108","LIBERIA",202,3,60,3,20,142,0,2,0,61,0,0,11,0,3,12,2,0,389,187,1,17,33,16,17,108,0,0,0,0,0,1,0,1,0,1,1,0,1,0,0,0,1,0,0,0,0,0,0,0,6
"109","LIBYA",5816,396,1593,311,131,7422,0,29,0,1184,16,16,278,1752,104,762,96,0,4042,10136,452,103,2246,1059,89,109,0,0,0,0,0,1,0,1,0,0,0,0,0,0,0,0,1,0,0,0,0,0,0,0,3
"110","LITHUANIA",337,1,19,17,1,302,0,0,0,32,0,1,20,45,0,48,2,0,213,679,9,42,143,43,0,110,0,0,0,0,0,1,1,1,0,1,0,0,0,1,0,0,1,0,0,0,0,0,0,1,7
"111","LUXEMBOURG",666,202,231,0,4,950,0,2,4,65,5,1,65,12,6,71,51,1,514,651,129,79,465,25,111,111,0,0,1,0,0,1,0,0,0,0,0,0,0,0,0,0,0,0,0,0,0,0,0,0,2
"112","MACAU",81,40,113,2,0,302,0,0,0,11,0,0,7,0,4,3,12,0,90,147,4,6,86,10,0,112,0,0,0,1,0,1,1,1,0,1,1,0,1,0,0,0,1,0,0,0,0,0,0,1,9
"113","MACEDONIA",30,1,37,0,0,74,0,0,0,6,0,0,2,0,0,6,0,0,10,75,0,0,4,0,7,113,0,0,1,1,0,1,1,1,0,1,1,0,1,1,0,1,1,0,0,1,1,0,1,0,14
"114","MADAGASCAR",3634,322,2013,31,138,6034,3,5,0,2259,1,2,124,14,43,284,90,0,4345,6568,286,46,1509,227,548,114,0,0,0,0,0,0,0,1,0,0,0,0,0,0,0,0,1,0,0,0,0,0,0,0,2
"115","MALAWI",103,0,4,7,0,70,0,2,0,54,0,0,37,0,0,10,0,0,57,45,0,0,20,2,1,115,1,0,0,1,0,1,0,1,0,1,1,0,1,1,0,1,1,0,0,1,1,0,0,0,12
"116","MALAYSIA",24759,910,11509,1925,1190,55704,4,413,77,9547,137,100,4053,5650,2241,3886,1314,0,23113,46201,1953,1105,15072,5132,635,116,0,0,0,0,0,0,0,0,0,0,0,0,0,0,0,0,1,0,0,0,0,0,0,0,1
"117","MALDIVES",17,0,0,0,0,0,0,6,0,2,0,0,0,0,0,0,0,0,3,2,0,0,0,0,0,117,1,1,1,1,1,1,0,1,0,1,1,1,1,1,1,1,1,0,0,1,1,1,1,1,20
"118","MALI",804,26,371,3,34,1047,0,7,0,202,0,0,19,3,10,46,9,1,875,1000,37,39,256,40,68,118,0,0,0,0,0,1,0,1,0,1,1,0,0,0,0,0,0,0,0,0,0,0,0,0,4
"119","MALTA",594,20,223,22,17,826,0,0,0,88,2,0,37,10,9,50,0,0,382,1210,33,43,212,35,6,119,0,0,0,0,0,1,1,1,0,0,1,0,0,0,0,1,1,0,0,0,0,0,0,0,6
"120","MARTINIQUE",215,5,98,0,4,264,0,0,0,74,2,0,3,26,7,30,12,3,433,316,11,0,131,15,62,120,0,0,1,0,0,1,1,1,0,0,1,0,0,0,0,0,0,0,0,0,1,0,0,0,6
"121","MAURITANIA",1268,27,359,17,52,1091,0,0,2,168,16,2,42,49,24,97,15,0,643,1096,74,41,315,42,59,121,0,0,0,0,0,1,1,0,0,0,0,0,0,0,0,0,1,0,0,0,0,0,0,0,3
"122","MAURITIUS",1741,111,668,6,88,2920,0,5,0,393,17,2,75,46,3,121,52,1,1432,2416,104,58,855,87,169,122,0,0,0,0,0,1,0,1,0,0,0,0,0,0,0,0,0,0,0,0,0,0,0,0,2
"123","MAYOTTE",99,0,7,1,12,74,0,0,0,35,0,0,0,0,0,6,0,0,28,75,0,0,7,6,9,123,1,0,0,0,0,1,1,1,0,1,1,1,1,1,0,1,1,0,0,1,1,0,0,0,13
"124","MEXICO",24669,1274,10860,1550,273,47860,0,52,159,16453,141,123,1578,7423,937,2693,2357,8,132647,81103,2262,4617,15160,4149,415,124,0,0,0,0,0,1,0,0,0,0,0,0,0,0,0,0,0,0,0,0,0,0,0,0,1
"125","MOLDOVA",100,0,17,0,0,63,0,0,0,0,0,0,1,1,0,5,0,1,30,119,2,0,47,1,0,125,1,0,1,1,0,1,1,1,1,1,1,0,0,1,0,1,0,0,0,0,1,0,0,1,13
"126","MONACO",533,117,1316,8,156,1332,0,5,0,481,3,0,28,28,52,45,7,0,1181,1387,42,39,236,35,45,126,0,0,0,0,0,1,0,1,0,0,1,0,0,0,0,0,1,0,0,0,0,0,0,0,4
"127","MONGOLIA",282,9,14,0,0,327,0,0,0,31,0,0,2,0,7,44,1,0,209,175,14,0,59,9,4,127,0,0,1,1,0,1,1,1,0,1,1,0,1,0,0,0,1,0,0,0,1,0,0,0,10
"128","MONTENEGRO",43,4,26,0,0,103,0,0,0,7,0,0,0,7,0,0,2,0,81,102,0,0,12,5,0,128,0,0,1,1,0,1,1,1,0,1,1,1,0,1,1,0,1,0,0,1,1,0,0,1,14
"129","MOROCCO",10436,773,9880,73,433,22580,21,152,84,3794,77,22,475,846,650,1292,533,11,15747,22777,1199,1128,5327,1336,1594,129,0,0,0,0,0,0,0,0,0,0,0,0,0,0,0,0,0,0,0,0,0,0,0,0,0
"130","MOZAMBIQUE",740,4,118,33,11,699,0,8,0,141,2,0,19,114,12,44,1,0,500,736,57,17,295,58,50,130,0,0,0,0,0,1,0,1,0,0,1,0,0,0,0,0,1,0,0,0,0,0,0,0,4
"131","MYANMAR",680,14,140,49,84,930,0,6,2,267,1,6,35,145,20,75,1,0,967,728,44,28,286,102,22,131,0,0,0,0,0,1,0,0,0,0,0,0,0,0,0,0,1,0,0,0,0,0,0,0,2
"132","NAMIBIA",405,23,232,9,41,888,0,6,0,340,14,2,5,31,45,82,1,0,500,1024,51,78,341,46,40,132,0,0,0,0,0,1,0,1,0,0,0,0,0,0,0,0,1,0,0,0,0,0,0,0,3
"133","NEPAL",149,4,3,5,0,67,0,2,0,22,2,0,0,0,0,2,0,0,91,109,5,0,26,8,4,133,0,0,0,1,0,1,0,1,0,0,1,1,1,1,0,1,1,0,0,0,1,0,0,0,10
"134","NETHERLANDS",6514,216,3138,159,93,7672,1,18,6,1257,44,13,357,403,786,761,475,22,5031,12438,370,386,4454,487,355,134,0,0,0,0,0,0,0,0,0,0,0,0,0,0,0,0,0,0,0,0,0,0,0,0,0
"135","NETHERLANDS ANTILLES",85,2,28,1,3,113,0,0,0,11,0,0,0,0,9,11,4,0,58,117,0,0,13,8,4,135,0,0,0,0,0,1,1,1,0,1,1,1,1,0,0,0,1,0,0,1,1,0,0,0,10
"136","NEW CALEDONIA",1877,107,1582,37,44,2813,0,4,0,527,16,12,118,50,124,238,84,1,2379,2874,223,93,997,96,275,136,0,0,0,0,0,1,0,1,0,0,0,0,0,0,0,0,0,0,0,0,0,0,0,0,2
"137","NEW ZEALAND",2955,45,317,59,25,2255,0,11,2,456,2,8,130,152,136,131,96,0,764,1387,131,119,962,117,8,137,0,0,0,0,0,1,0,0,0,0,0,0,0,0,0,0,1,0,0,0,0,0,0,0,2
"138","NICARAGUA",111,16,242,2,0,125,4,0,0,56,0,0,0,5,0,5,0,0,174,303,3,0,19,5,4,138,0,0,0,1,0,0,1,1,0,1,1,1,0,1,0,1,1,0,0,0,1,0,0,0,10
"139","NIGER",2072,160,672,13,108,2778,0,1,0,654,12,0,21,52,113,443,37,0,2185,2264,166,12358,883,86,110,139,0,0,0,0,0,1,0,1,0,0,1,0,0,0,0,0,1,0,0,0,0,0,0,0,4
"140","NIGERIA",12317,518,3708,1483,377,14742,0,124,8,3854,71,8,586,1474,372,1200,303,3,9918,18372,756,336,4664,1384,647,140,0,0,0,0,0,1,0,0,0,0,0,0,0,0,0,0,0,0,0,0,0,0,0,0,1
"141","NORTH KOREA",54,0,4,0,0,33,0,1,0,40,0,0,10,0,0,3,0,0,16,26,1,0,111,4,2,141,1,0,1,1,0,1,0,1,0,1,1,0,1,1,0,1,1,0,0,0,1,0,0,0,12
"142","NORWAY",9529,194,2616,562,97,8428,0,37,0,1715,18,48,621,1767,1044,1244,225,4,3768,6838,390,245,5244,776,67,142,0,0,0,0,0,1,0,1,0,0,0,0,0,0,0,0,0,0,0,0,0,0,0,0,2
"143","OMAN",9094,195,3309,621,426,12396,0,72,0,2276,6,50,668,3395,413,1126,142,0,5815,85520,512,244,3911,1356,26,143,0,0,0,0,0,1,0,1,0,0,0,0,0,0,0,0,1,0,0,0,0,0,0,0,3
"144","PAKISTAN",3451,84,1316,180,216,3641,0,3,0,892,5,8,82,608,46,235,54,0,1781,4435,206,57,870,322,54,144,0,0,0,0,0,1,0,1,0,0,0,0,0,0,0,0,1,0,0,0,0,0,0,0,3
"145","PALESTINIAN TERRIT.",53,0,7,0,0,14,0,0,0,1,0,0,3,0,5,1,0,0,10,17,5,0,12,1,2,145,1,0,1,1,0,1,1,1,0,1,1,0,1,0,0,1,1,0,0,0,1,0,0,0,12
"146","PANAMA",526,79,352,23,4,1824,0,1,0,250,3,0,64,123,21,42,61,0,1122,2204,52,170,558,105,20,146,0,0,0,0,0,1,0,1,0,0,1,0,0,0,0,0,1,0,0,0,0,0,0,0,4
"147","PAPUA NEW GUINEA",142,7,1,2,0,34,0,0,0,6,0,0,3,0,10,8,0,0,17,16,4,0,30,4,4,147,0,0,0,1,0,1,1,1,0,1,1,0,1,0,0,1,1,0,0,0,1,0,0,0,10
"148","PARAGUAY",55,0,46,0,0,146,0,0,0,6,0,0,0,0,0,10,0,0,165,298,6,2,49,0,20,148,1,0,1,1,0,1,1,1,0,1,1,1,1,1,0,1,1,0,0,0,0,0,1,0,14
"149","PERU",2445,219,1727,97,0,4447,0,0,0,991,4,13,197,730,150,280,124,0,5908,5530,222,480,1476,441,11,149,0,0,0,1,0,1,1,1,0,0,0,0,0,0,0,0,1,0,0,0,0,0,0,0,5
"150","PHILIPPINES",5814,69,844,310,408,5645,0,102,2,2090,7,6,235,565,144,447,202,0,3498,8983,656,18,1999,1321,45,150,0,0,0,0,0,1,0,0,0,0,0,0,0,0,0,0,1,0,0,0,0,0,0,0,2
"151","PITCAIRN ISLANDS",1,0,0,0,0,0,0,0,0,0,0,0,0,0,0,0,0,0,0,0,0,0,0,0,0,151,1,1,1,1,1,1,1,1,1,1,1,1,1,1,1,1,1,1,1,1,1,1,1,1,24
"152","POLAND",7272,331,3114,140,249,12936,0,9,31,2401,46,6,363,741,321,1005,657,2,6719,11863,467,236,5025,1178,470,152,0,0,0,0,0,1,0,0,0,0,0,0,0,0,0,0,0,0,0,0,0,0,0,0,1
"153","PORTUGAL",2926,290,2322,38,58,5540,1,1,25,990,60,10,286,148,323,376,194,1,3465,5531,287,511,2205,294,402,153,0,0,0,0,0,0,0,0,0,0,0,0,0,0,0,0,0,0,0,0,0,0,0,0,0
"154","PUERTO RICO",24,0,5,1,0,76,0,0,0,4,0,0,0,0,3,1,0,0,29,90,7,1,15,6,0,154,1,0,0,1,0,1,1,1,0,1,1,1,1,0,0,1,1,0,0,0,0,0,0,1,12
"155","QATAR",12358,452,3168,721,706,20949,1,74,101,4030,22,46,1310,4621,531,1899,353,1,11526,22541,1125,633,7257,2344,543,155,0,0,0,0,0,0,0,0,0,0,0,0,0,0,0,0,0,0,0,0,0,0,0,0,0
"156","REUNION",184,19,517,0,6,436,0,0,0,30,0,0,10,0,17,12,7,0,230,748,17,17,127,2,15,156,0,0,1,0,0,1,1,1,0,1,1,0,1,0,0,0,1,0,0,0,0,0,0,0,8
"157","ROMANIA",6417,222,1791,270,164,9014,0,9,11,1495,34,13,282,1330,396,708,307,4,5786,9177,654,235,3208,908,248,157,0,0,0,0,0,1,0,0,0,0,0,0,0,0,0,0,0,0,0,0,0,0,0,0,1
"158","RUSSIA",18443,1489,8061,1022,649,30845,4,169,100,8714,166,88,907,3252,1161,2237,921,19,22786,553420,1691,1320,12216,2636,1333,158,0,0,0,0,0,0,0,0,0,0,0,0,0,0,0,0,0,0,0,0,0,0,0,0,0
"159","RWANDA",86,3,37,1,2,30,0,0,0,5,0,0,0,0,0,0,0,0,43,37,4,0,4,2,0,159,0,0,0,0,0,1,1,1,0,1,1,1,1,1,1,1,1,0,0,0,1,0,0,1,13
"160","SAINT LUCIA",4,0,0,0,0,0,0,0,0,0,0,0,0,0,0,0,0,0,0,0,0,0,0,0,0,160,1,1,1,1,1,1,1,1,1,1,1,1,1,1,1,1,1,1,1,1,1,1,1,1,24
"161","SAMOA",2,0,0,0,0,0,0,0,0,0,0,0,0,0,0,0,0,0,0,0,0,0,0,0,0,161,1,1,1,1,1,1,1,1,1,1,1,1,1,1,1,1,1,1,1,1,1,1,1,1,24
"162","SAO TOME & PRINC.",43,0,0,0,0,44,0,0,0,1,0,0,0,0,2,20,0,0,13,26,0,0,1,1,0,162,1,1,1,1,0,1,1,1,0,1,1,1,1,0,0,1,1,0,0,1,1,0,0,1,16
"163","SAUDI ARABIA",24698,1010,5677,1542,1005,37601,5,181,26,8872,34,101,2092,7702,556,3770,746,1,20997,43167,1927,786,12137,5058,350,163,0,0,0,0,0,0,0,0,0,0,0,0,0,0,0,0,0,0,0,0,0,0,0,0,0
"164","SENEGAL",3990,351,2562,47,88,7444,8,6,0,916,17,4,152,113,153,385,92,5,5246,6953,456,236,1886,342,619,164,0,0,0,0,0,0,0,1,0,0,0,0,0,0,0,0,0,0,0,0,0,0,0,0,1
"165","SERBIA",611,104,634,4,26,830,0,0,0,187,0,6,40,17,15,47,19,2,699,831,62,11,261,42,55,165,0,0,0,0,0,1,1,1,0,1,0,0,0,0,0,0,0,0,0,0,0,0,0,0,4
"166","SERBIA MONTENEGRO",2,0,0,7,0,6,0,0,0,0,0,0,0,0,0,0,0,0,1,12,0,0,0,1,0,166,1,1,0,1,0,1,1,1,1,1,1,1,1,1,1,1,1,0,0,1,1,1,0,1,19
"167","SEYCHELLES",67,0,8,0,3,53,0,0,0,10,0,0,2,0,1,2,0,0,48,57,0,0,42,1,6,167,1,0,1,0,0,1,1,1,0,1,1,0,1,0,0,1,1,0,0,1,1,0,0,0,12
"168","SIERRA LEONE",58,2,14,1,0,72,0,5,0,105,1,0,0,0,3,3,0,0,93,26,0,0,10,1,8,168,0,0,0,1,0,1,0,1,0,0,1,1,1,0,0,1,1,0,0,1,1,0,0,0,10
"169","SINGAPORE",20545,1287,11717,919,613,64331,21,241,486,7191,135,94,3027,4224,3315,2932,1958,1,29506,47886,1403,1862,17762,4260,1007,169,0,0,0,0,0,0,0,0,0,0,0,0,0,0,0,0,0,0,0,0,0,0,0,0,0
"170","SLOVAKIA",903,64,853,8,30,1912,0,1,8,282,5,0,35,154,40,136,65,1,861,1073,42,96,581,125,105,170,0,0,0,0,0,1,0,0,0,0,1,0,0,0,0,0,0,0,0,0,0,0,0,0,2
"171","SLOVENIA",31,0,0,0,0,19,0,0,0,5,0,0,6,0,0,3,0,0,14,14,13,0,41,2,0,171,1,1,1,1,0,1,1,1,0,1,1,0,1,1,0,1,1,0,0,0,1,0,0,1,15
"172","SOLOMON ISLANDS",2,0,0,0,0,0,0,0,0,0,0,0,0,0,0,0,0,0,0,0,0,0,0,0,0,172,1,1,1,1,1,1,1,1,1,1,1,1,1,1,1,1,1,1,1,1,1,1,1,1,24
"173","SOMALIA",1,0,0,0,0,0,0,0,0,0,0,0,0,0,0,0,0,0,0,0,0,0,0,0,0,173,1,1,1,1,1,1,1,1,1,1,1,1,1,1,1,1,1,1,1,1,1,1,1,1,24
"174","SOUTH AFRICA",6667,588,4503,337,185,12168,1,159,9,3350,121,21,438,870,795,702,704,2,7416,26815,587,1146,5737,927,355,174,0,0,0,0,0,0,0,0,0,0,0,0,0,0,0,0,0,0,0,0,0,0,0,0,0
"175","SOUTH KOREA",3713,850,1200,85,65,7679,0,27,19,1001,31,4,289,210,228,347,196,1,73947,5814,304,62,1746,371,249,175,0,0,0,0,0,1,0,0,0,0,0,0,0,0,0,0,0,0,0,0,0,0,0,0,1
"176","SOUTH SUDAN",16,0,0,2,0,2,0,0,0,0,0,0,4,0,0,5,0,0,3,3,1,0,8,0,0,176,1,1,0,1,0,1,1,1,1,1,1,0,1,1,0,1,1,0,0,0,1,0,1,1,16
"177","SPAIN",11659,645,10843,177,327,23754,2,244,140,4664,136,27,762,783,1226,1481,1686,39,12544,20152,1070,1709,6682,992,1268,177,0,0,0,0,0,0,0,0,0,0,0,0,0,0,0,0,0,0,0,0,0,0,0,0,0
"178","SRI LANKA",291,3,22,12,18,451,0,0,0,100,0,0,34,18,7,30,0,0,237,385,8,22,70,70,8,178,0,0,0,0,0,1,1,1,0,1,1,0,0,0,0,1,1,0,0,0,0,0,0,0,7
"179","ST VINCENT & GREN.",2,0,0,0,0,0,0,0,0,13,0,0,0,0,0,0,0,0,0,0,0,0,0,0,0,179,1,1,1,1,1,1,1,1,0,1,1,1,1,1,1,1,1,1,1,1,1,1,1,1,23
"180","SUDAN",2462,53,371,163,75,3108,1,48,0,608,9,2,125,439,114,419,99,0,1489,3007,107,84,877,305,40,180,0,0,0,0,0,0,0,1,0,0,0,0,0,0,0,0,1,0,0,0,0,0,0,0,2
"181","SURINAME",53,0,4,4,4,10,0,0,0,5,0,0,12,0,0,7,0,0,12,11,8,0,32,5,0,181,1,0,0,0,0,1,1,1,0,1,1,0,1,1,0,1,1,0,0,0,1,0,0,1,12
"182","SWAZILAND",1,0,0,0,0,0,0,0,0,0,0,0,0,0,0,0,0,0,0,0,0,0,0,0,0,182,1,1,1,1,1,1,1,1,1,1,1,1,1,1,1,1,1,1,1,1,1,1,1,1,24
"183","SWEDEN",1404,51,235,9,11,1063,0,1,4,100,1,5,73,11,92,139,72,0,613,986,94,69,649,103,99,183,0,0,0,0,0,1,0,0,0,0,0,0,0,0,0,0,1,0,0,0,0,0,0,0,2
"184","SWITZERLAND",28422,3515,29131,1111,1301,62041,182,249,325,15077,218,50,3599,3904,6067,3954,1836,26,62198,113743,2343,9329,19731,2977,2939,184,0,0,0,0,0,0,0,0,0,0,0,0,0,0,0,0,0,0,0,0,0,0,0,0,0
"185","SYRIA",1254,46,223,43,47,1341,0,7,0,405,4,3,70,249,19,120,4,0,1091,1545,200,12,395,103,50,185,0,0,0,0,0,1,0,1,0,0,0,0,0,0,0,0,1,0,0,0,0,0,0,0,3
"186","TAIWAN",1398,48,678,44,28,3419,12,15,13,361,19,4,82,108,55,193,53,0,1421,2597,132,42,901,191,48,186,0,0,0,0,0,0,0,0,0,0,0,0,0,0,0,0,1,0,0,0,0,0,0,0,1
"187","TAJIKISTAN",18,0,0,0,0,0,0,0,0,0,0,0,0,0,0,0,0,0,0,0,0,0,0,0,0,187,1,1,1,1,1,1,1,1,1,1,1,1,1,1,1,1,1,1,1,1,1,1,1,1,24
"188","TANZANIA",1636,26,470,118,24,1946,0,21,0,592,6,6,142,174,67,123,23,0,1381,2464,69,37,484,238,51,188,0,0,0,0,0,1,0,1,0,0,0,0,0,0,0,0,1,0,0,0,0,0,0,0,3
"189","THAILAND",12191,416,12467,767,666,29287,0,100,74,6285,95,35,801,1108,695,1360,885,5,14710,27542,1118,977,9425,2420,395,189,0,0,0,0,0,1,0,0,0,0,0,0,0,0,0,0,0,0,0,0,0,0,0,0,1
"190","THE BAHAMAS",146,9,59,3,2,388,0,0,0,2279,0,0,24,0,65,24,34,0,266,403,32,88,138,11,14,190,0,0,0,0,0,1,1,1,0,1,1,0,1,0,0,0,1,0,0,0,0,0,0,0,7
"191","THE GAMBIA",21,2,0,4,22,71,0,0,0,17,0,0,16,0,0,9,0,0,34,76,7,1,17,2,2,191,0,1,0,0,0,1,1,1,0,1,1,0,1,1,0,1,1,0,0,0,0,0,0,0,10
"192","TIMOR-LESTE",2,0,0,0,0,0,0,0,0,0,0,0,0,0,0,0,0,0,0,0,0,0,0,0,0,192,1,1,1,1,1,1,1,1,1,1,1,1,1,1,1,1,1,1,1,1,1,1,1,1,24
"193","TOGO",368,24,274,0,27,673,4,6,0,197,0,0,12,1,5,42,15,0,354,1435,19,3,152,41,50,193,0,0,1,0,0,0,0,1,0,1,1,0,0,0,0,0,1,0,0,0,0,0,0,0,5
"194","TONGA",6,0,0,0,0,0,0,0,0,0,0,0,0,0,0,0,0,0,0,0,0,0,0,0,0,194,1,1,1,1,1,1,1,1,1,1,1,1,1,1,1,1,1,1,1,1,1,1,1,1,24
"195","TRINIDAD AND TOBAGO",2948,78,519,195,28,3715,0,6,0,654,3,6,150,746,30,364,170,0,1991,3625,139,287,2048,407,0,195,0,0,0,0,0,1,0,1,0,0,0,0,0,0,0,0,1,0,0,0,0,0,0,1,4
"196","TUNISIA",5735,388,3558,114,212,11618,45,23,49,1742,20,1,349,909,265,705,176,3,5354,12135,438,414,2249,648,582,196,0,0,0,0,0,0,0,0,0,0,0,0,0,0,0,0,0,0,0,0,0,0,0,0,0
"197","TURKEY",3435,108,1504,125,69,5864,0,22,24,1002,61,2,135,380,251,498,301,4,3939,5487,563,211,1981,422,257,197,0,0,0,0,0,1,0,0,0,0,0,0,0,0,0,0,0,0,0,0,0,0,0,0,1
"198","TURKMENISTAN",1348,23,232,203,47,1576,0,6,0,217,0,4,91,387,22,182,34,0,820,1668,49,15,574,208,15,198,0,0,0,0,0,1,0,1,0,1,0,0,0,0,0,0,1,0,0,0,0,0,0,0,4
"199","TURKS & CAICOS",24,5,24,0,0,78,0,0,0,13,0,0,11,0,39,2,0,0,51,266,7,13,71,18,0,199,0,0,1,1,0,1,1,1,0,1,1,0,1,0,0,1,1,0,0,0,0,0,0,1,11
"200","UGANDA",434,2,37,68,1,269,0,6,0,43,0,0,6,11,9,21,0,0,202,297,15,0,140,35,12,200,0,0,0,0,0,1,0,1,0,1,1,0,0,0,0,1,1,0,0,0,1,0,0,0,7
"201","UKRAINE",2769,121,1092,79,78,3493,4,19,27,755,35,8,134,215,120,278,169,1,3084,3738,184,89,1304,211,365,201,0,0,0,0,0,0,0,0,0,0,0,0,0,0,0,0,0,0,0,0,0,0,0,0,0
"202","UNITED ARAB EMIRATES",37821,1648,15446,2063,1476,68991,7,242,158,12415,141,152,3675,10013,2696,5842,2099,5,43392,66797,3261,2262,24688,7738,1421,202,0,0,0,0,0,0,0,0,0,0,0,0,0,0,0,0,0,0,0,0,0,0,0,0,0
"203","UNITED KINGDOM",42864,2498,15709,1989,653,45502,2,131,148,128251,150,116,3227,4393,4708,5210,1663,40,159447,69680,2475,3204,25832,3316,1703,203,0,0,0,0,0,0,0,0,0,0,0,0,0,0,0,0,0,0,0,0,0,0,0,0,0
"204","URUGUAY",1220,48,326,107,33,1238,0,8,0,355,2,4,66,207,16,127,49,2,1060,2858,122,112,538,219,21,204,0,0,0,0,0,1,0,1,0,0,0,0,0,0,0,0,0,0,0,0,0,0,0,0,2
"205","US MINOR OUT. ISL.",12,0,0,1,0,13,0,0,0,19,0,0,0,0,0,0,11,0,15,7,0,0,7,1,0,205,1,1,0,1,0,1,1,1,0,1,1,1,1,1,1,0,1,0,0,1,1,0,0,1,16
"206","US VIRGIN ISLANDS",63,0,0,0,0,0,0,0,0,0,0,0,0,0,0,0,0,0,0,0,0,0,0,0,0,206,1,1,1,1,1,1,1,1,1,1,1,1,1,1,1,1,1,1,1,1,1,1,1,1,24
"207","USA",52167,3499,26337,1110,580,106397,10,569,766,194740,288,90,4181,29527,8470,6037,5712,63,127343,147738,4832,8635,67094,16900,2748,207,0,0,0,0,0,0,0,0,0,0,0,0,0,0,0,0,0,0,0,0,0,0,0,0,0
"208","UZBEKISTAN",126,2,11,3,2,105,0,0,0,23,0,0,0,45,0,2,0,0,70,185,5,0,49,11,9,208,0,0,0,0,0,1,1,1,0,1,1,1,0,1,0,1,1,0,0,0,1,0,0,0,10
"209","VANUATU",659,24,290,11,39,963,0,12,0,177,9,0,14,1,6,48,34,0,681,995,21,5,287,25,80,209,0,0,0,0,0,1,0,1,0,0,1,0,0,0,0,0,1,0,0,0,0,0,0,0,4
"210","VENEZUELA",7411,273,2291,348,67,12331,0,16,47,3324,28,34,446,1942,156,867,566,2,8861,15619,657,1162,5010,1055,261,210,0,0,0,0,0,1,0,0,0,0,0,0,0,0,0,0,0,0,0,0,0,0,0,0,1
"211","VIETNAM",4855,110,1414,247,176,8364,0,53,15,1359,18,15,310,858,269,563,74,0,4191,7974,356,134,2490,1045,222,211,0,0,0,0,0,1,0,0,0,0,0,0,0,0,0,0,1,0,0,0,0,0,0,0,2
"212","WALLIS AND FUTUNA",213,5,16,0,2,167,0,0,0,47,1,0,13,22,0,17,23,0,74,151,16,2,64,7,14,212,0,0,1,0,0,1,1,1,0,0,1,0,0,1,0,0,1,0,0,0,0,0,0,0,7
"213","YEMEN",4111,67,874,166,220,3120,1,16,0,748,9,6,214,487,118,414,75,1,1892,3867,287,174,1221,251,101,213,0,0,0,0,0,0,0,1,0,0,0,0,0,0,0,0,0,0,0,0,0,0,0,0,1
"214","ZAMBIA",487,9,163,4,0,582,0,7,0,125,8,4,43,0,19,36,21,0,448,750,31,73,291,20,26,214,0,0,0,1,0,1,0,1,0,0,0,0,1,0,0,0,1,0,0,0,0,0,0,0,5
"215","ZIMBABWE",159,6,22,6,3,126,0,3,0,58,0,0,6,0,4,8,7,0,60,97,1,70,57,0,0,215,0,0,0,0,0,1,0,1,0,1,1,0,1,0,0,0,1,0,0,0,0,0,1,1,8
"216","FRANCE",89182,9872,60122,1057,3618,129749,156,753352,468,4864491,583,135,4943,5060,5786,9157,2662,169,105375,183109,6840,14103,40585,4990,4666,216,0,0,0,0,0,0,0,0,0,0,0,0,0,0,0,0,0,0,0,0,0,0,0,0,0
